id;title;description;created_at;deadline
1;Ingenieur Saudi Languedoc-Roussillon;content;2021-10-22T14:11:19;2021-10-21T23:59:00
2;Afghani yellow;Cotton deploy;2021-10-22T07:39:16;2021-10-22T05:41:53
3;1080p Chicken;artificial Omani;2021-10-21T18:09:07;2021-10-22T14:25:46
4;drive Persistent saoudite;Cotton;2021-10-22T00:22:20;2021-10-22T12:29:22
5;Operative Montmorency Tchad;Metal;2021-10-22T04:06:32;2021-10-21T20:31:56
6;open-source Home;Pologne a well-modulated;2021-10-22T15:22:18;2021-10-22T08:21:16
7;content-based Chips;Incredible b plum;2021-10-22T12:44:44;2021-10-22T11:02:13
8;Tuna Business-focused;background;2021-10-22T11:42:58;2021-10-22T09:02:11
9;hierarchy port Somalie;Avon uniform connecting;2021-10-22T02:36:07;2021-10-22T04:42:20
10;complexity index;hack Clothing User-friendly;2021-10-21T17:49:32;2021-10-21T17:42:09
